0000000, 0, 0
1081110, 100, 59843
1081110, 99.9967, 59842
1080711, 99.995, 59841
1011404, 99.9933, 59840
1011403, 86.1103, 51532
1011402, 74.0571, 44319
1011401, 63.9574, 38275
1011304, 55.1961, 33032
1011303, 47.9939, 28722
1011302, 41.3064, 24720
1011301, 35.4595, 21221
1011204, 30.3411, 18158
1011203, 26.5779, 15906
1011202, 22.9283, 13722
1011201, 19.6564, 11764
1011104, 16.8006, 10055
1011103, 14.5932, 8734
1011102, 12.618, 7552
1011101, 10.9102, 6530
1011100, 9.3595, 5602
1011004, 8.1213, 4861
1011003, 7.0434, 4216
1011002, 5.984, 3582
1011001, 4.963, 2971
1010904, 4.1676, 2495
1010903, 3.6278, 2172
1010902, 3.1031, 1858
1010901, 2.6369, 1579
1010804, 2.2208, 1330
1010803, 1.9384, 1161
1010802, 1.6961, 1016
1010801, 1.4638, 877
1010800, 1.2399, 743
1010704, 0.884, 530
1010703, 0.7486, 449
1010702, 0.625, 375
1010701, 0.5164, 310
1010604, 0.4194, 252
1010603, 0.3459, 208
1010602, 0.3008, 181
1010601, 0.264, 159
1010504, 0.2373, 143
1010503, 0.2005, 121
1010502, 0.1855, 112
1010501, 0.1704, 103
1010500, 0.1587, 96
1010404, 0.0568, 35
1010403, 0.0485, 30
1010402, 0.0384, 24
1010401, 0.0317, 20
1010304, 0.0217, 14
1010303, 0.0184, 12
1010302, 0.01, 7
1010204, 0.0067, 5
1010203, 0.005, 4
1010201, 0.0033, 3
1000000, 0, 0
2080900, 100, 59843
2080900, 99.9967, 59842
2080712, 99.995, 59841
2080700, 99.9933, 59840
2080613, 99.9916, 59839
2080608, 99.99, 59838
2080600, 99.9883, 59837
2080500, 99.985, 59835
2080400, 99.9799, 59832
2080306, 99.9766, 59830
2080300, 99.9749, 59829
2080200, 99.9549, 59817
2041444, 99.9348, 59805
2041443, 99.9298, 59802
2041442, 99.9231, 59798
2041441, 99.9198, 59796
2041433, 99.9181, 59795
2041432, 99.9164, 59794
2041431, 99.9131, 59792
2041421, 99.9114, 59791
2041404, 99.9098, 59790
2041403, 99.7276, 59681
2041402, 99.6675, 59645
2041400, 99.6625, 59642
2041344, 99.6608, 59641
2041343, 99.6441, 59631
2041342, 99.624, 59619
2041341, 99.6056, 59608
2041333, 99.5973, 59603
2041332, 99.5772, 59591
2041331, 99.5555, 59578
2041322, 99.5505, 59575
2041321, 99.5488, 59574
2041304, 99.5438, 59571
2041303, 99.472, 59528
2041302, 99.4369, 59507
2041244, 99.4218, 59498
2041243, 99.2915, 59420
2041242, 99.0592, 59281
2041241, 98.9205, 59198
2041234, 98.8854, 59177
2041233, 98.8837, 59176
2041232, 98.8102, 59132
2041231, 98.715, 59075
2041224, 98.6882, 59059
2041223, 98.6866, 59058
2041222, 98.6849, 59057
2041221, 98.6531, 59038
2041211, 98.6247, 59021
2041204, 98.6064, 59010
2041203, 98.1451, 58734
2041202, 97.9446, 58614
2041201, 97.9012, 58588
2041200, 97.8995, 58587
2041144, 97.8661, 58567
2041143, 97.5369, 58370
2041142, 97.0088, 58054
2041141, 96.683, 57859
2041133, 96.6195, 57821
2041132, 96.4825, 57739
2041131, 96.2235, 57584
2041122, 96.165, 57549
2041121, 96.063, 57488
2041111, 96.0229, 57464
2041104, 96.0196, 57462
2041103, 95.0571, 56886
2041102, 94.6711, 56655
2041101, 94.5374, 56575
2041100, 94.5324, 56572
2041044, 94.4889, 56546
2041043, 94.1547, 56346
2041042, 93.4846, 55945
2041041, 93.0301, 55673
2041033, 92.9298, 55613
2041032, 92.7477, 55504
2041031, 92.3901, 55290
2041023, 92.3032, 55238
2041022, 92.3015, 55237
2041021, 92.1996, 55176
2041014, 92.1043, 55119
2041013, 92.1027, 55118
2041012, 92.0993, 55116
2041011, 92.0977, 55115
2041004, 92.091, 55111
2041003, 90.7074, 54283
2041002, 90.069, 53901
2041001, 89.8869, 53792
2041000, 89.8752, 53785
2040944, 89.7632, 53718
2040943, 89.2903, 53435
2040942, 88.4849, 52953
2040941, 88.0654, 52702
2040934, 87.9435, 52629
2040933, 87.9418, 52628
2040932, 87.7112, 52490
2040931, 87.2834, 52234
2040924, 87.1748, 52169
2040922, 87.1714, 52167
2040921, 87.0428, 52090
2040914, 86.9208, 52017
2040912, 86.9191, 52016
2040911, 86.9174, 52015
2040904, 86.9091, 52010
2040903, 85.208, 50992
2040902, 84.4343, 50529
2040901, 84.202, 50390
2040900, 84.187, 50381
2040844, 84.0382, 50292
2040843, 83.6188, 50041
2040842, 82.6496, 49461
2040841, 82.175, 49177
2040834, 82.033, 49092
2040833, 82.028, 49089
2040832, 81.7673, 48933
2040831, 81.3261, 48669
2040823, 81.2058, 48597
2040822, 81.2042, 48596
2040821, 81.0671, 48514
2040814, 80.9735, 48458
2040813, 80.9719, 48457
2040812, 80.9702, 48456
2040811, 80.9685, 48455
2040804, 80.9518, 48445
2040803, 78.9198, 47229
2040802, 77.969, 46660
2040801, 77.69, 46493
2040800, 77.6783, 46486
2040744, 77.471, 46362
2040743, 77.0784, 46127
2040742, 76.1342, 45562
2040741, 75.5844, 45233
2040733, 75.4792, 45170
2040732, 75.1801, 44991
2040731, 74.6988, 44703
2040722, 74.5785, 44631
2040721, 74.4298, 44542
2040713, 74.3161, 44474
2040712, 74.3128, 44472
2040711, 74.3094, 44470
2040704, 74.2911, 44459
2040703, 72.1087, 43153
2040702, 71.1913, 42604
2040701, 70.8604, 42406
2040700, 70.8387, 42393
2040644, 70.6231, 42264
2040643, 70.1853, 42002
2040642, 69.3899, 41526
2040641, 68.9187, 41244
2040633, 68.7733, 41157
2040632, 68.5109, 41000
2040631, 68.0798, 40742
2040623, 67.9846, 40685
2040622, 67.9829, 40684
2040621, 67.8592, 40610
2040613, 67.7322, 40534
2040612, 67.7289, 40532
2040611, 67.7272, 40531
2040604, 67.7038, 40517
2040603, 65.5281, 39215
2040602, 64.4537, 38572
2040601, 64.1011, 38361
2040600, 64.0844, 38351
2040544, 63.8788, 38228
2040543, 63.5129, 38009
2040542, 62.7609, 37559
2040541, 62.3615, 37320
2040534, 62.2763, 37269
2040533, 62.2729, 37267
2040532, 62.0574, 37138
2040531, 61.668, 36905
2040523, 61.5394, 36828
2040522, 61.5377, 36827
2040521, 61.4157, 36754
2040511, 61.3255, 36700
2040504, 61.3138, 36693
2040503, 59.2049, 35431
2040502, 58.2875, 34882
2040501, 57.9784, 34697
2040500, 57.9516, 34681
2040444, 57.7311, 34549
2040443, 57.3684, 34332
2040442, 56.695, 33929
2040441, 56.3357, 33714
2040433, 56.2372, 33655
2040432, 56.0182, 33524
2040431, 55.6573, 33308
2040424, 55.5537, 33246
2040422, 55.552, 33245
2040421, 55.4484, 33183
2040413, 55.3699, 33136
2040412, 55.3682, 33135
2040411, 55.3665, 33134
2040404, 55.3582, 33129
2040403, 53.2828, 31887
2040402, 52.3052, 31302
2040401, 51.961, 31096
2040400, 51.9376, 31082
2040344, 51.727, 30956
2040343, 51.3995, 30760
2040342, 50.8614, 30438
2040341, 50.5088, 30227
2040333, 50.4503, 30192
2040332, 50.2749, 30087
2040331, 49.9557, 29896
2040324, 49.8605, 29839
2040322, 49.8571, 29837
2040321, 49.7702, 29785
2040314, 49.7067, 29747
2040313, 49.7051, 29746
2040312, 49.7034, 29745
2040311, 49.7017, 29744
2040304, 49.6934, 29739
2040303, 47.8218, 28619
2040302, 46.8877, 28060
2040301, 46.6003, 27888
2040300, 46.5785, 27875
2040244, 46.3697, 27750
2040243, 46.114, 27597
2040242, 45.6227, 27303
2040241, 45.3654, 27149
2040233, 45.2902, 27104
2040232, 45.1515, 27021
2040231, 44.9142, 26879
2040222, 44.844, 26837
2040221, 44.7872, 26803
2040212, 44.7371, 26773
2040211, 44.7337, 26771
2040204, 44.7204, 26763
2040203, 42.7636, 25592
2040202, 41.7726, 24999
2040201, 41.4869, 24828
2040200, 41.4752, 24821
2021413, 41.2529, 24688
2021412, 41.0708, 24579
2021411, 40.7366, 24379
2021410, 40.3606, 24154
2021409, 39.9646, 23917
2021408, 39.6621, 23736
2021407, 39.3998, 23579
2021406, 39.1591, 23435
2021405, 39.0338, 23360
2021404, 38.9369, 23302
2021403, 38.8968, 23278
2021402, 38.8767, 23266
2021400, 38.8717, 23263
2021314, 38.7982, 23219
2021312, 38.708, 23165
2021311, 38.2618, 22898
2021310, 37.6803, 22550
2021309, 37.0286, 22160
2021308, 36.4972, 21842
2021307, 36.066, 21584
2021306, 35.6917, 21360
2021305, 35.4879, 21238
2021304, 35.3124, 21133
2021303, 35.2255, 21081
2021302, 35.1737, 21050
2021300, 35.162, 21043
2021214, 35.0701, 20988
2021213, 34.9732, 20930
2021211, 34.7108, 20773
2021210, 33.9605, 20324
2021209, 33.2353, 19890
2021208, 32.4883, 19443
2021207, 31.8884, 19084
2021206, 31.4122, 18799
2021205, 31.078, 18599
2021204, 30.8674, 18473
2021203, 30.7622, 18410
2021202, 30.7237, 18387
2021200, 30.6953, 18370
2021114, 30.6084, 18318
2021113, 30.4798, 18241
2021112, 30.1606, 18050
2021110, 29.8464, 17862
2021109, 29.0226, 17369
2021108, 28.1921, 16872
2021107, 27.4451, 16425
2021106, 26.8937, 16095
2021105, 26.5378, 15882
2021104, 26.3155, 15749
2021103, 26.2036, 15682
2021102, 26.1685, 15661
2021100, 26.1468, 15648
2021014, 26.0665, 15600
2021013, 25.9696, 15542
2021012, 25.7089, 15386
2021011, 25.3831, 15191
2021009, 24.9937, 14958
2021008, 24.0513, 14394
2021007, 23.2174, 13895
2021006, 22.5707, 13508
2021005, 22.178, 13273
2021004, 21.899, 13106
2021003, 21.7686, 13028
2021002, 21.6934, 12983
2021000, 21.6734, 12971
2020914, 21.5882, 12920
2020913, 21.5013, 12868
2020912, 21.2205, 12700
2020911, 20.8763, 12494
2020910, 20.4953, 12266
2020908, 20.1594, 12065
2020907, 19.3172, 11561
2020906, 18.6722, 11175
2020905, 18.2143, 10901
2020904, 17.9269, 10729
2020903, 17.7899, 10647
2020902, 17.7247, 10608
2020900, 17.6946, 10590
2020814, 17.6144, 10542
2020813, 17.5158, 10483
2020812, 17.2401, 10318
2020811, 16.7873, 10047
2020810, 16.3695, 9797
2020809, 15.9668, 9556
2020807, 15.5992, 9336
2020806, 14.8221, 8871
2020805, 14.284, 8549
2020804, 14.0016, 8380
2020803, 13.8613, 8296
2020802, 13.8245, 8274
2020800, 13.8028, 8261
2020714, 13.7627, 8237
2020713, 13.6641, 8178
2020712, 13.4034, 8022
2020711, 13.0241, 7795
2020710, 12.6548, 7574
2020709, 12.2404, 7326
2020708, 11.9362, 7144
2020706, 11.6254, 6958
2020705, 11.1007, 6644
2020704, 10.8083, 6469
2020703, 10.6679, 6385
2020702, 10.6295, 6362
2020700, 10.6044, 6347
2020614, 10.5543, 6317
2020613, 10.4858, 6276
2020612, 10.2685, 6146
2020611, 9.9226, 5939
2020610, 9.56, 5722
2020609, 9.2158, 5516
2020608, 8.9066, 5331
2020607, 8.6643, 5186
2020605, 8.4621, 5065
2020604, 8.1363, 4870
2020603, 8.0143, 4797
2020602, 7.9608, 4765
2020600, 7.9441, 4755
2020514, 7.9007, 4729
2020513, 7.8489, 4698
2020512, 7.63, 4567
2020511, 7.3392, 4393
2020510, 7.0434, 4216
2020509, 6.7376, 4033
2020508, 6.5104, 3897
2020507, 6.2881, 3764
2020506, 6.1127, 3659
2020504, 5.969, 3573
2020503, 5.8369, 3494
2020502, 5.7935, 3468
2020500, 5.7751, 3457
2020414, 5.7383, 3435
2020413, 5.6698, 3394
2020412, 5.4894, 3286
2020411, 5.2404, 3137
2020410, 4.9446, 2960
2020409, 4.7123, 2821
2020408, 4.4951, 2691
2020407, 4.3464, 2602
2020406, 4.2344, 2535
2020405, 4.1442, 2481
2020403, 4.1024, 2456
2020402, 4.0623, 2432
2020400, 4.0406, 2419
2020314, 4.0021, 2396
2020313, 3.9219, 2348
2020312, 3.7732, 2259
2020311, 3.571, 2138
2020310, 3.3421, 2001
2020309, 3.1566, 1890
2020308, 3.0212, 1809
2020307, 2.9293, 1754
2020306, 2.8508, 1707
2020305, 2.8207, 1689
2020304, 2.794, 1673
2020302, 2.7789, 1664
2020300, 2.7505, 1647
2020214, 2.7171, 1627
2020213, 2.6586, 1592
2020212, 2.5249, 1512
2020211, 2.3645, 1416
2020210, 2.2024, 1319
2020209, 2.0587, 1233
2020208, 1.9585, 1173
2020207, 1.8782, 1125
2020206, 1.8315, 1097
2020205, 1.7964, 1076
2020204, 1.7847, 1069
2020203, 1.778, 1065
2020200, 1.7629, 1056
2011413, 1.7412, 1043
2011412, 1.7312, 1037
2011411, 1.6844, 1009
2011410, 1.6126, 966
2011409, 1.5323, 918
2011408, 1.4605, 875
2011407, 1.412, 846
2011406, 1.3703, 821
2011405, 1.3418, 804
2011404, 1.3118, 786
2011403, 1.2666, 759
2011402, 1.2232, 733
2011401, 1.1898, 713
2011400, 1.1747, 704
2011312, 1.1731, 703
2011311, 1.1413, 684
2011310, 1.1012, 660
2011309, 1.0427, 625
2011308, 0.9659, 579
2011307, 0.9224, 553
2011306, 0.8656, 519
2011305, 0.8338, 500
2011304, 0.8105, 486
2011303, 0.7921, 475
2011302, 0.767, 460
2011301, 0.752, 451
2011211, 0.7436, 446
2011210, 0.7085, 425
2011209, 0.6434, 386
2011208, 0.5882, 353
2011207, 0.5397, 324
2011206, 0.4963, 298
2011205, 0.4629, 278
2011204, 0.4345, 261
2011203, 0.4194, 252
2011202, 0.4094, 246
2011201, 0.4061, 244
2011200, 0.3977, 239
2011110, 0.396, 238
2011109, 0.3743, 225
2011108, 0.3426, 206
2011107, 0.3158, 190
2011106, 0.2891, 174
2011105, 0.2724, 164
2011104, 0.269, 162
2011103, 0.264, 159
2011102, 0.2573, 155
2011101, 0.2523, 152
2011013, 0.249, 150
2011009, 0.2473, 149
2011008, 0.2256, 136
2011007, 0.1938, 117
2011006, 0.1755, 106
2011005, 0.1638, 99
2011004, 0.1587, 96
2011003, 0.1537, 93
2011002, 0.1471, 89
2011001, 0.1437, 87
2010908, 0.142, 86
2010907, 0.127, 77
2010906, 0.1136, 69
2010905, 0.1003, 61
2010904, 0.0969, 59
2010903, 0.0902, 55
2010807, 0.0852, 52
2010806, 0.0735, 45
2010804, 0.0668, 41
2010801, 0.0602, 37
2010706, 0.0585, 36
2010704, 0.0535, 33
2010703, 0.0485, 30
2010609, 0.0468, 29
2010605, 0.0451, 28
2010604, 0.0418, 26
2010603, 0.0384, 24
2010602, 0.0317, 20
2010601, 0.0301, 19
2010504, 0.0267, 17
2010502, 0.0251, 16
2010501, 0.0234, 15
2010404, 0.0217, 14
2010403, 0.0167, 11
2010304, 0.0117, 8
2010303, 0.01, 7
2010204, 0.005, 4
2010203, 0.0033, 3
2010201, 0.0017, 2
2000000, 0, 0
3081400, 100, 59843
3081400, 99.9967, 59842
3081306, 99.995, 59841
3081304, 99.9933, 59840
3081300, 99.9916, 59839
3081206, 99.9883, 59837
3081204, 99.9866, 59836
3081202, 99.985, 59835
3081200, 99.9833, 59834
3081109, 99.9766, 59830
3081103, 99.9733, 59828
3081100, 99.9716, 59827
3081008, 99.9582, 59819
3081007, 99.9532, 59816
3081005, 99.9482, 59813
3081004, 99.9398, 59808
3081003, 99.9365, 59806
3081002, 99.9332, 59804
3081000, 99.9315, 59803
3080907, 99.9181, 59795
3080906, 99.9131, 59792
3080905, 99.9064, 59788
3080904, 99.9014, 59785
3080903, 99.8997, 59784
3080900, 99.8931, 59780
3080812, 99.863, 59762
3080811, 99.8613, 59761
3080810, 99.8563, 59758
3080807, 99.8546, 59757
3080806, 99.8446, 59751
3080805, 99.8379, 59747
3080804, 99.8296, 59742
3080803, 99.8128, 59732
3080802, 99.7978, 59723
3080800, 99.7945, 59721
3080711, 99.7527, 59696
3080708, 99.7493, 59694
3080706, 99.736, 59686
3080705, 99.7243, 59679
3080704, 99.7009, 59665
3080703, 99.6825, 59654
3080702, 99.6625, 59642
3080700, 99.6574, 59639
3080611, 99.5923, 59600
3080610, 99.5889, 59598
3080609, 99.5856, 59596
3080608, 99.5789, 59592
3080607, 99.5705, 59587
3080605, 99.5672, 59585
3080604, 99.5388, 59568
3080603, 99.5087, 59550
3080602, 99.4887, 59538
3080600, 99.4803, 59533
3080512, 99.3984, 59484
3080511, 99.3917, 59480
3080510, 99.3884, 59478
3080509, 99.3817, 59474
3080508, 99.3617, 59462
3080507, 99.3533, 59457
3080506, 99.3383, 59448
3080504, 99.3199, 59437
3080503, 99.2781, 59412
3080502, 99.248, 59394
3080500, 99.2413, 59390
3080411, 99.1561, 59339
3080410, 99.1494, 59335
3080409, 99.1428, 59331
3080408, 99.1294, 59323
3080407, 99.1077, 59310
3080406, 99.0843, 59296
3080405, 99.0442, 59272
3080403, 98.9974, 59244
3080402, 98.9623, 59223
3080400, 98.9439, 59212
3080312, 98.8253, 59141
3080311, 98.8236, 59140
3080310, 98.8152, 59135
3080309, 98.8102, 59132
3080308, 98.7751, 59111
3080307, 98.7467, 59094
3080306, 98.7116, 59073
3080305, 98.6548, 59039
3080304, 98.5997, 59006
3080302, 98.5579, 58981
3080300, 98.5479, 58975
3080213, 98.4092, 58892
3080212, 98.4075, 58891
3080211, 98.4058, 58890
3080210, 98.3874, 58879
3080209, 98.3707, 58869
3080208, 98.3323, 58846
3080207, 98.2772, 58813
3080206, 98.217, 58777
3080205, 98.1619, 58744
3080204, 98.0967, 58705
3080203, 98.0683, 58688
3080200, 98.0399, 58671
3041444, 97.8661, 58567
3041443, 97.7508, 58498
3041442, 97.5202, 58360
3041441, 97.3681, 58269
3041433, 97.3397, 58252
3041432, 97.2328, 58188
3041431, 97.1074, 58113
3041422, 97.074, 58093
3041421, 97.0272, 58065
3041413, 97.0022, 58050
3041411, 96.9988, 58048
3041404, 96.9938, 58045
3041403, 96.3805, 57678
3041402, 96.1416, 57535
3041401, 96.0597, 57486
3041400, 96.058, 57485
3041344, 96.0447, 57477
3041343, 95.2459, 56999
3041342, 94.1413, 56338
3041341, 93.5047, 55957
3041333, 93.3493, 55864
3041332, 93.0535, 55687
3041331, 92.4736, 55340
3041324, 92.35, 55266
3041323, 92.3466, 55264
3041322, 92.3416, 55261
3041321, 92.2113, 55183
3041314, 92.0609, 55093
3041313, 92.0592, 55092
3041312, 92.0576, 55091
3041311, 92.0559, 55090
3041304, 92.0425, 55082
3041303, 89.4758, 53546
3041302, 88.4899, 52956
3041301, 88.1657, 52762
3041300, 88.1423, 52748
3041244, 87.9551, 52636
3041243, 87.0311, 52083
3041242, 85.5138, 51175
3041241, 84.6599, 50664
3041234, 84.451, 50539
3041233, 84.4493, 50538
3041232, 84.0834, 50319
3041231, 83.435, 49931
3041224, 83.2562, 49824
3041223, 83.2528, 49822
3041222, 83.2462, 49818
3041221, 83.0958, 49728
3041214, 82.9337, 49631
3041213, 82.932, 49630
3041212, 82.9287, 49628
3041211, 82.9237, 49625
3041204, 82.8835, 49601
3041203, 79.6902, 47690
3041202, 78.3133, 46866
3041201, 77.9005, 46619
3041200, 77.8871, 46611
3041144, 77.6331, 46459
3041143, 76.9213, 46033
3041142, 75.5477, 45211
3041141, 74.8592, 44799
3041133, 74.6871, 44696
3041132, 74.276, 44450
3041131, 73.6494, 44075
3041124, 73.499, 43985
3041122, 73.4956, 43983
3041121, 73.3336, 43886
3041114, 73.1698, 43788
3041113, 73.1681, 43787
3041112, 73.1631, 43784
3041111, 73.1614, 43783
3041104, 73.128, 43763
3041103, 69.9347, 41852
3041102, 68.5861, 41045
3041101, 68.155, 40787
3041100, 68.1266, 40770
3041044, 67.8726, 40618
3041043, 67.2042, 40218
3041042, 66.1046, 39560
3041041, 65.463, 39176
3041034, 65.3025, 39080
3041033, 65.3009, 39079
3041032, 64.9449, 38866
3041031, 64.3785, 38527
3041024, 64.2381, 38443
3041022, 64.2331, 38440
3041021, 64.0576, 38335
3041012, 63.9206, 38253
3041011, 63.9156, 38250
3041004, 63.8989, 38240
3041003, 60.8024, 36387
3041002, 59.4472, 35576
3041001, 59.0161, 35318
3041000, 58.9877, 35301
3040944, 58.7103, 35135
3040943, 58.2658, 34869
3040942, 57.2916, 34286
3040941, 56.6933, 33928
3040934, 56.568, 33853
3040933, 56.5663, 33852
3040932, 56.2973, 33691
3040931, 55.8177, 33404
3040924, 55.6974, 33332
3040923, 55.6941, 33330
3040922, 55.6907, 33328
3040921, 55.5103, 33220
3040913, 55.3632, 33132
3040911, 55.3599, 33130
3040904, 55.3482, 33123
3040903, 52.6194, 31490
3040902, 51.2809, 30689
3040901, 50.8313, 30420
3040900, 50.8113, 30408
3040844, 50.5138, 30230
3040843, 50.1479, 30011
3040842, 49.299, 29503
3040841, 48.8796, 29252
3040834, 48.771, 29187
3040833, 48.7693, 29186
3040832, 48.5053, 29028
3040831, 48.0942, 28782
3040824, 48.0106, 28732
3040822, 48.009, 28731
3040821, 47.8519, 28637
3040813, 47.7499, 28576
3040811, 47.7483, 28575
3040804, 47.7433, 28572
3040803, 45.2969, 27108
3040802, 44.0737, 26376
3040801, 43.7161, 26162
3040800, 43.6876, 26145
3040744, 43.422, 25986
3040743, 43.1596, 25829
3040742, 42.5062, 25438
3040741, 42.2288, 25272
3040733, 42.1553, 25228
3040732, 41.9832, 25125
3040731, 41.6607, 24932
3040724, 41.5805, 24884
3040723, 41.5788, 24883
3040722, 41.5771, 24882
3040721, 41.4852, 24827
3040712, 41.3833, 24766
3040711, 41.3799, 24764
3040704, 41.3766, 24762
3040703, 39.246, 23487
3040702, 38.1548, 22834
3040701, 37.8073, 22626
3040700, 37.7855, 22613
3040644, 37.5148, 22451
3040643, 37.3126, 22330
3040642, 36.8297, 22041
3040641, 36.5724, 21887
3040634, 36.5039, 21846
3040633, 36.5022, 21845
3040632, 36.3301, 21742
3040631, 36.0878, 21597
3040622, 36.0193, 21556
3040621, 35.9424, 21510
3040613, 35.8772, 21471
3040611, 35.8755, 21470
3040604, 35.8638, 21463
3040603, 34.0023, 20349
3040602, 33.0498, 19779
3040601, 32.729, 19587
3040600, 32.7089, 19575
3040544, 32.495, 19447
3040543, 32.3179, 19341
3040542, 31.957, 19125
3040541, 31.7481, 19000
3040533, 31.6946, 18968
3040532, 31.5893, 18905
3040531, 31.3855, 18783
3040522, 31.3504, 18762
3040521, 31.2785, 18719
3040513, 31.2284, 18689
3040511, 31.2267, 18688
3040504, 31.2167, 18682
3040503, 29.6526, 17746
3040502, 28.924, 17310
3040501, 28.6617, 17153
3040500, 28.6399, 17140
3040444, 28.4611, 17033
3040443, 28.3208, 16949
3040442, 28.025, 16772
3040441, 27.8729, 16681
3040433, 27.8161, 16647
3040432, 27.7326, 16597
3040431, 27.5554, 16491
3040422, 27.5137, 16466
3040421, 27.4736, 16442
3040414, 27.4518, 16429
3040413, 27.4502, 16428
3040411, 27.4485, 16427
3040404, 27.4451, 16425
3040403, 26.1584, 15655
3040402, 25.4683, 15242
3040401, 25.2126, 15089
3040400, 25.2026, 15083
3040344, 25.0405, 14986
3040343, 24.9269, 14918
3040342, 24.6963, 14780
3040341, 24.5994, 14722
3040334, 24.5676, 14703
3040333, 24.5659, 14702
3040332, 24.4857, 14654
3040331, 24.3504, 14573
3040324, 24.3053, 14546
3040322, 24.3036, 14545
3040321, 24.2702, 14525
3040313, 24.2501, 14513
3040311, 24.2485, 14512
3040304, 24.2468, 14511
3040303, 23.1339, 13845
3040302, 22.5991, 13525
3040301, 22.3986, 13405
3040300, 22.3886, 13399
3040244, 22.2566, 13320
3040243, 22.1897, 13280
3040242, 22.0026, 13168
3040241, 21.8539, 13079
3040234, 21.8288, 13064
3040233, 21.8271, 13063
3040232, 21.7619, 13024
3040231, 21.6583, 12962
3040223, 21.6216, 12940
3040222, 21.6199, 12939
3040221, 21.5999, 12927
3040212, 21.5798, 12915
3040211, 21.5781, 12914
3040204, 21.5731, 12911
3040203, 20.751, 12419
3040202, 20.3048, 12152
3040201, 20.1561, 12063
3040200, 20.1527, 12061
3021413, 20.0374, 11992
3021412, 20.0157, 11979
3021411, 20.0023, 11971
3021410, 19.9305, 11928
3021409, 19.6865, 11782
3021408, 19.3339, 11571
3021407, 18.9195, 11323
3021406, 18.46, 11048
3021405, 18.0706, 10815
3021404, 17.8417, 10678
3021403, 17.708, 10598
3021402, 17.6545, 10566
3021400, 17.6278, 10550
3021314, 17.6245, 10548
3021312, 17.6211, 10546
3021311, 17.5927, 10529
3021310, 17.4924, 10469
3021309, 17.2953, 10351
3021308, 16.8407, 10079
3021307, 16.2525, 9727
3021306, 15.6627, 9374
3021305, 15.2532, 9129
3021304, 14.8789, 8905
3021303, 14.6851, 8789
3021302, 14.6015, 8739
3021300, 14.5781, 8725
3021214, 14.5297, 8696
3021213, 14.5247, 8693
3021211, 14.508, 8683
3021210, 14.4127, 8626
3021209, 14.157, 8473
3021208, 13.7142, 8208
3021207, 13.126, 7856
3021206, 12.5328, 7501
3021205, 12.0716, 7225
3021204, 11.7023, 7004
3021203, 11.4901, 6877
3021202, 11.4015, 6824
3021200, 11.3831, 6813
3021113, 11.338, 6786
3021112, 11.3113, 6770
3021110, 11.2411, 6728
3021109, 11.0723, 6627
3021108, 10.7531, 6436
3021107, 10.2702, 6147
3021106, 9.6803, 5794
3021105, 9.2726, 5550
3021104, 8.9267, 5343
3021103, 8.7061, 5211
3021102, 8.6376, 5170
3021100, 8.6242, 5162
3021014, 8.5841, 5138
3021013, 8.5825, 5137
3021012, 8.544, 5114
3021011, 8.4705, 5070
3021009, 8.3168, 4978
3021008, 8.1079, 4853
3021007, 7.7737, 4653
3021006, 7.3158, 4379
3021005, 6.873, 4114
3021004, 6.5638, 3929
3021003, 6.4034, 3833
3021002, 6.3215, 3784
3021000, 6.2948, 3768
3020914, 6.2697, 3753
3020913, 6.2631, 3749
3020912, 6.2413, 3736
3020911, 6.1578, 3686
3020910, 6.0107, 3598
3020908, 5.7968, 3470
3020907, 5.6281, 3369
3020906, 5.3356, 3194
3020905, 5.0415, 3018
3020904, 4.7775, 2860
3020903, 4.6137, 2762
3020902, 4.5636, 2732
3020900, 4.5486, 2723
3020814, 4.5369, 2716
3020813, 4.5352, 2715
3020812, 4.5018, 2695
3020811, 4.4199, 2646
3020810, 4.2912, 2569
3020809, 4.1007, 2455
3020807, 3.8685, 2316
3020806, 3.698, 2214
3020805, 3.5075, 2100
3020804, 3.3053, 1979
3020803, 3.1599, 1892
3020802, 3.0998, 1856
3020800, 3.0847, 1847
3020714, 3.0714, 1839
3020713, 3.068, 1837
3020712, 3.0446, 1823
3020711, 2.9912, 1791
3020710, 2.8842, 1727
3020709, 2.7656, 1656
3020708, 2.6102, 1563
3020706, 2.4898, 1491
3020705, 2.408, 1442
3020704, 2.291, 1372
3020703, 2.2225, 1331
3020702, 2.1857, 1309
3020700, 2.1757, 1303
3020614, 2.164, 1296
3020613, 2.1607, 1294
3020612, 2.1289, 1275
3020611, 2.0721, 1241
3020610, 1.9618, 1175
3020609, 1.8482, 1107
3020608, 1.7546, 1051
3020607, 1.6577, 993
3020605, 1.5791, 946
3020604, 1.5474, 927
3020603, 1.5023, 900
3020602, 1.4772, 885
3020600, 1.4638, 877
3020514, 1.4588, 874
3020513, 1.4571, 873
3020512, 1.4454, 866
3020511, 1.412, 846
3020510, 1.3235, 793
3020509, 1.2265, 735
3020508, 1.138, 682
3020507, 1.0645, 638
3020506, 0.9876, 592
3020504, 0.9558, 573
3020503, 0.9492, 569
3020502, 0.9375, 562
3020500, 0.9324, 559
3020414, 0.9207, 552
3020413, 0.9157, 549
3020412, 0.9057, 543
3020411, 0.8756, 525
3020410, 0.8422, 505
3020409, 0.772, 463
3020408, 0.7152, 429
3020407, 0.6701, 402
3020406, 0.6367, 382
3020405, 0.6183, 371
3020403, 0.6066, 364
3020402, 0.6032, 362
3020400, 0.5966, 358
3020313, 0.5849, 351
3020312, 0.5815, 349
3020311, 0.5631, 338
3020310, 0.5331, 320
3020309, 0.513, 308
3020308, 0.4813, 289
3020307, 0.4545, 273
3020306, 0.4244, 255
3020305, 0.4127, 248
3020304, 0.4027, 242
3020302, 0.3977, 239
3020300, 0.3944, 237
3020212, 0.386, 232
3020211, 0.3843, 231
3020210, 0.381, 229
3020209, 0.371, 223
3020208, 0.3593, 216
3020207, 0.3426, 206
3020206, 0.3208, 193
3020205, 0.3058, 184
3020204, 0.2991, 180
3020203, 0.2958, 178
3020200, 0.2874, 173
3011411, 0.2841, 171
3011410, 0.2824, 170
3011409, 0.2741, 165
3011408, 0.264, 159
3011407, 0.2523, 152
3011406, 0.2423, 146
3011405, 0.2289, 138
3011404, 0.2189, 132
3011403, 0.2106, 127
3011402, 0.2089, 126
3011401, 0.2039, 123
3011310, 0.2022, 122
3011309, 0.1922, 116
3011308, 0.1872, 113
3011307, 0.1771, 107
3011306, 0.1587, 96
3011305, 0.142, 86
3011304, 0.132, 80
3011303, 0.1253, 76
3011302, 0.122, 74
3011301, 0.1203, 73
3011207, 0.1186, 72
3011206, 0.1103, 67
3011205, 0.1086, 66
3011204, 0.1003, 61
3011201, 0.0986, 60
3011110, 0.0969, 59
3011109, 0.0936, 57
3011108, 0.0919, 56
3011107, 0.0852, 52
3011106, 0.0785, 48
3011105, 0.0685, 42
3011104, 0.0635, 39
3011103, 0.0585, 36
3011101, 0.0568, 35
3011009, 0.0551, 34
3011008, 0.0518, 32
3011006, 0.0468, 29
3011005, 0.0434, 27
3011002, 0.0368, 23
3010905, 0.0334, 21
3010904, 0.0317, 20
3010903, 0.0301, 19
3010902, 0.0284, 18
3010807, 0.0251, 16
3010806, 0.0184, 12
3010805, 0.0167, 11
3010706, 0.015, 10
3010704, 0.0117, 8
3010701, 0.01, 7
3010605, 0.0084, 6
3010603, 0.0067, 5
3010602, 0.005, 4
3010501, 0.0033, 3
3010401, 0.0017, 2
3010303, 0.0, 1
3000000, 0, 0
4101100, 100, 59843
4101100, 99.9967, 59842
4091413, 99.9916, 59839
4091405, 99.9816, 59833
4091400, 99.9699, 59826
4091312, 99.9582, 59819
4091300, 99.9449, 59811
4091211, 99.9281, 59801
4091200, 99.9198, 59796
4091110, 99.9048, 59787
4091100, 99.8847, 59775
4091012, 99.8763, 59770
4091009, 99.8747, 59769
4091000, 99.8546, 59757
4090908, 99.8413, 59749
4090900, 99.8162, 59734
4090807, 99.8062, 59728
4090800, 99.7727, 59708
4090706, 99.761, 59701
4090700, 99.7393, 59688
4090605, 99.7243, 59679
4090600, 99.6675, 59645
4081413, 99.6574, 59639
4081412, 99.609, 59610
4081411, 99.5739, 59589
4081410, 99.5371, 59567
4081409, 99.4887, 59538
4081408, 99.4603, 59521
4081407, 99.4252, 59500
4081406, 99.4018, 59486
4081405, 99.3884, 59478
4081404, 99.3851, 59476
4081400, 99.3817, 59474
4081314, 99.3784, 59472
4081312, 99.365, 59464
4081311, 99.3048, 59428
4081310, 99.2413, 59390
4081309, 99.1895, 59359
4081308, 99.116, 59315
4081307, 99.0692, 59287
4081306, 99.0174, 59256
4081305, 98.9957, 59243
4081304, 98.989, 59239
4081303, 98.9773, 59232
4081300, 98.974, 59230
4081214, 98.9573, 59220
4081213, 98.9422, 59211
4081211, 98.9155, 59195
4081210, 98.8771, 59172
4081209, 98.8085, 59131
4081208, 98.7384, 59089
4081207, 98.6682, 59047
4081206, 98.5963, 59004
4081205, 98.5462, 58974
4081204, 98.5061, 58950
4081203, 98.5011, 58947
4081202, 98.4961, 58944
4081200, 98.4827, 58936
4081114, 98.4626, 58924
4081113, 98.4409, 58911
4081112, 98.3925, 58882
4081110, 98.3156, 58836
4081109, 98.2538, 58799
4081108, 98.1652, 58746
4081107, 98.0649, 58686
4081106, 97.9914, 58642
4081105, 97.9079, 58592
4081104, 97.851, 58558
4081103, 97.836, 58549
4081100, 97.831, 58546
4081014, 97.7976, 58526
4081013, 97.7809, 58516
4081012, 97.7207, 58480
4081011, 97.6572, 58442
4081009, 97.5787, 58395
4081008, 97.465, 58327
4081007, 97.3314, 58247
4081006, 97.211, 58175
4081005, 97.1024, 58110
4081004, 97.0506, 58079
4081003, 97.0306, 58067
4081000, 97.0239, 58063
4080914, 96.9938, 58045
4080913, 96.9821, 58038
4080912, 96.9219, 58002
4080911, 96.8551, 57962
4080910, 96.7548, 57902
4080908, 96.6429, 57835
4080907, 96.4841, 57740
4080906, 96.3371, 57652
4080905, 96.1967, 57568
4080904, 96.1098, 57516
4080903, 96.0614, 57487
4080902, 96.053, 57482
4080900, 96.0513, 57481
4080814, 96.0213, 57463
4080813, 95.9912, 57445
4080812, 95.9227, 57404
4080811, 95.8174, 57341
4080810, 95.6854, 57262
4080809, 95.555, 57184
4080807, 95.398, 57090
4080806, 95.1757, 56957
4080805, 95.0303, 56870
4080804, 94.9301, 56810
4080803, 94.8699, 56774
4080802, 94.8565, 56766
4080800, 94.8549, 56765
4080714, 94.8047, 56735
4080713, 94.7897, 56726
4080712, 94.7446, 56699
4080711, 94.641, 56637
4080710, 94.4505, 56523
4080709, 94.2934, 56429
4080708, 94.1296, 56331
4080706, 93.9592, 56229
4080705, 93.6918, 56069
4080704, 93.5749, 55999
4080703, 93.5297, 55972
4080702, 93.5063, 55958
4080700, 93.5013, 55955
4080614, 93.4612, 55931
4080613, 93.4412, 55919
4080612, 93.3459, 55862
4080611, 93.2256, 55790
4080610, 93.0268, 55671
4080609, 92.8078, 55540
4080608, 92.5622, 55393
4080607, 92.3166, 55246
4080605, 92.0926, 55112
4080604, 91.9356, 55018
4080603, 91.8637, 54975
4080602, 91.8386, 54960
4080600, 91.837, 54959
4080514, 91.7802, 54925
4080513, 91.7501, 54907
4080512, 91.6732, 54861
4080511, 91.5295, 54775
4080510, 91.3173, 54648
4080509, 91.08, 54506
4080508, 90.7892, 54332
4080507, 90.5302, 54177
4080506, 90.2963, 54037
4080504, 90.1459, 53947
4080503, 90.0573, 53894
4080502, 90.0323, 53879
4080500, 90.0289, 53877
4080414, 89.9554, 53833
4080413, 89.9437, 53826
4080412, 89.8618, 53777
4080411, 89.7131, 53688
4080410, 89.4507, 53531
4080409, 89.1349, 53342
4080408, 88.8441, 53168
4080407, 88.5233, 52976
4080406, 88.2426, 52808
4080405, 88.0688, 52704
4080403, 87.9735, 52647
4080402, 87.9518, 52634
4080400, 87.9501, 52633
4080314, 87.8783, 52590
4080313, 87.8549, 52576
4080312, 87.7513, 52514
4080311, 87.5675, 52404
4080310, 87.2533, 52216
4080309, 86.884, 51995
4080308, 86.5465, 51793
4080307, 86.1755, 51571
4080306, 85.878, 51393
4080305, 85.6942, 51283
4080304, 85.604, 51229
4080300, 85.5789, 51214
4080214, 85.5154, 51176
4080213, 85.4469, 51135
4080212, 85.3483, 51076
4080211, 85.1545, 50960
4080210, 84.8353, 50769
4080209, 84.4109, 50515
4080208, 83.9096, 50215
4080207, 83.43, 49928
4080206, 83.1058, 49734
4080205, 82.922, 49624
4080204, 82.8451, 49578
4080203, 82.8368, 49573
4080200, 82.8351, 49572
4061009, 82.7348, 49512
4060605, 82.7332, 49511
4041444, 82.7315, 49510
4041443, 80.6962, 48292
4041442, 77.827, 46575
4041441, 76.2579, 45636
4041433, 75.8451, 45389
4041432, 75.0948, 44940
4041431, 73.6093, 44051
4041424, 73.2199, 43818
4041423, 73.2183, 43817
4041422, 73.2116, 43813
4041421, 72.7704, 43549
4041414, 72.3059, 43271
4041413, 72.2975, 43266
4041412, 72.2841, 43258
4041411, 72.2791, 43255
4041404, 72.2307, 43226
4041403, 63.8688, 38222
4041402, 60.7907, 36380
4041401, 59.9235, 35861
4041400, 59.87, 35829
4041344, 59.1648, 35407
4041343, 58.0001, 34710
4041342, 56.055, 33546
4041341, 55.0741, 32959
4041334, 54.8268, 32811
4041333, 54.8251, 32810
4041332, 54.4291, 32573
4041331, 53.5217, 32030
4041323, 53.3195, 31909
4041322, 53.3162, 31907
4041321, 53.0338, 31738
4041314, 52.8182, 31609
4041313, 52.8149, 31607
4041312, 52.8132, 31606
4041311, 52.8115, 31605
4041304, 52.7865, 31590
4041303, 47.5076, 28431
4041302, 45.2634, 27088
4041301, 44.5432, 26657
4041300, 44.4998, 26631
4041244, 43.9015, 26273
4041243, 43.2114, 25860
4041242, 42.1135, 25203
4041241, 41.4886, 24829
4041234, 41.3315, 24735
4041233, 41.3298, 24734
4041232, 41.0006, 24537
4041231, 40.4492, 24207
4041224, 40.2938, 24114
4041223, 40.2921, 24113
4041222, 40.2888, 24111
4041221, 40.14, 24022
4041213, 40.0297, 23956
4041211, 40.0264, 23954
4041204, 40.008, 23943
4041203, 36.32, 21736
4041202, 34.664, 20745
4041201, 34.1209, 20420
4041200, 34.0859, 20399
4041144, 33.618, 20119
4041143, 33.2838, 19919
4041142, 32.5803, 19498
4041141, 32.1475, 19239
4041134, 32.0355, 19172
4041133, 32.0305, 19169
4041132, 31.8333, 19051
4041131, 31.4055, 18795
4041123, 31.2518, 18703
4041122, 31.2501, 18702
4041121, 31.098, 18611
4041114, 30.9944, 18549
4041112, 30.9894, 18546
4041111, 30.9878, 18545
4041104, 30.9777, 18539
4041103, 28.3776, 16983
4041102, 27.0625, 16196
4041101, 26.6781, 15966
4041100, 26.6514, 15950
4041044, 26.4108, 15806
4041043, 26.1735, 15664
4041042, 25.6855, 15372
4041041, 25.4299, 15219
4041034, 25.363, 15179
4041033, 25.3614, 15178
4041032, 25.1909, 15076
4041031, 24.8985, 14901
4041024, 24.835, 14863
4041022, 24.8333, 14862
4041021, 24.7498, 14812
4041014, 24.6729, 14766
4041011, 24.6712, 14765
4041004, 24.6645, 14761
4041003, 22.6894, 13579
4041002, 21.7987, 13046
4041001, 21.4912, 12862
4041000, 21.4712, 12850
4040944, 21.1871, 12680
4040943, 21.0233, 12582
4040942, 20.7226, 12402
4040941, 20.4903, 12263
4040933, 20.4435, 12235
4040932, 20.3249, 12164
4040931, 20.1043, 12032
4040923, 20.0692, 12011
4040922, 20.0675, 12010
4040921, 19.9906, 11964
4040914, 19.9455, 11937
4040913, 19.9439, 11936
4040911, 19.9422, 11935
4040904, 19.9322, 11929
4040903, 18.4433, 11038
4040902, 17.6311, 10552
4040901, 17.439, 10437
4040900, 17.4289, 10431
4040844, 17.2017, 10295
4040843, 17.0697, 10216
4040842, 16.8424, 10080
4040841, 16.6686, 9976
4040833, 16.6419, 9960
4040832, 16.5433, 9901
4040831, 16.4213, 9828
4040822, 16.3829, 9805
4040821, 16.3444, 9782
4040811, 16.306, 9759
4040804, 16.3027, 9757
4040803, 15.1664, 9077
4040802, 14.5213, 8691
4040801, 14.3526, 8590
4040800, 14.3409, 8583
4040744, 14.2105, 8505
4040743, 14.1403, 8463
4040742, 13.9732, 8363
4040741, 13.8429, 8285
4040734, 13.8111, 8266
4040733, 13.8095, 8265
4040732, 13.7376, 8222
4040731, 13.6073, 8144
4040722, 13.5855, 8131
4040721, 13.5655, 8119
4040711, 13.5354, 8101
4040704, 13.5337, 8100
4040703, 12.7032, 7603
4040702, 12.2621, 7339
4040701, 12.115, 7251
4040700, 12.1, 7242
4040644, 11.9429, 7148
4040643, 11.8744, 7107
4040642, 11.7591, 7038
4040641, 11.6956, 7000
4040633, 11.6822, 6992
4040632, 11.6455, 6970
4040631, 11.5703, 6925
4040624, 11.5502, 6913
4040623, 11.5486, 6912
4040622, 11.5469, 6911
4040621, 11.5318, 6902
4040613, 11.5101, 6889
4040604, 11.5084, 6888
4040603, 10.8751, 6509
4040602, 10.5342, 6305
4040601, 10.4239, 6239
4040600, 10.4156, 6234
4040544, 10.2802, 6153
4040543, 10.2401, 6129
4040542, 10.0931, 6041
4040541, 10.0429, 6011
4040534, 10.0262, 6001
4040533, 10.0246, 6000
4040532, 9.9811, 5974
4040531, 9.9126, 5933
4040522, 9.8976, 5924
4040521, 9.8307, 5884
4040511, 9.814, 5874
4040504, 9.8123, 5873
4040503, 9.281, 5555
4040502, 9.032, 5406
4040501, 8.9451, 5354
4040500, 8.9367, 5349
4040444, 8.8214, 5280
4040443, 8.7746, 5252
4040442, 8.681, 5196
4040441, 8.6343, 5168
4040433, 8.6142, 5156
4040432, 8.5942, 5144
4040431, 8.549, 5117
4040424, 8.5373, 5110
4040422, 8.5357, 5109
4040421, 8.5256, 5103
4040411, 8.519, 5099
4040404, 8.5156, 5097
4040403, 8.0962, 4846
4040402, 7.9007, 4729
4040401, 7.8171, 4679
4040400, 7.8155, 4678
4040344, 7.7235, 4623
4040343, 7.6918, 4604
4040342, 7.6032, 4551
4040341, 7.5648, 4528
4040333, 7.5498, 4519
4040332, 7.5213, 4502
4040331, 7.4645, 4468
4040322, 7.4512, 4460
4040321, 7.4361, 4451
4040313, 7.4194, 4441
4040311, 7.4177, 4440
4040304, 7.4161, 4439
4040303, 7.0618, 4227
4040302, 6.878, 4117
4040301, 6.8262, 4086
4040300, 6.8212, 4083
4040244, 6.756, 4044
4040243, 6.7276, 4027
4040242, 6.6674, 3991
4040241, 6.6207, 3963
4040234, 6.6056, 3954
4040233, 6.6039, 3953
4040232, 6.5822, 3940
4040231, 6.5338, 3911
4040223, 6.5221, 3904
4040222, 6.5204, 3903
4040221, 6.5054, 3894
4040211, 6.4953, 3888
4040204, 6.4937, 3887
4040203, 6.1945, 3708
4040202, 6.0742, 3636
4040201, 6.0208, 3604
4040200, 6.0157, 3601
4021413, 5.9556, 3565
4021412, 5.8687, 3513
4021411, 5.7952, 3469
4021410, 5.7083, 3417
4021409, 5.623, 3366
4021408, 5.5345, 3313
4021407, 5.4359, 3254
4021406, 5.3657, 3212
4021405, 5.3039, 3175
4021404, 5.2705, 3155
4021403, 5.2421, 3138
4021402, 5.2237, 3127
4021400, 5.2103, 3119
4021314, 5.2086, 3118
4021312, 4.8861, 2925
4021311, 4.7758, 2859
4021310, 4.6355, 2775
4021309, 4.4817, 2683
4021308, 4.2845, 2565
4021307, 4.0339, 2415
4021306, 3.8016, 2276
4021305, 3.6262, 2171
4021304, 3.4941, 2092
4021303, 3.429, 2053
4021302, 3.4106, 2042
4021300, 3.3972, 2034
4021214, 3.3722, 2019
4021213, 3.1817, 1905
4021211, 2.9577, 1771
4021210, 2.8859, 1728
4021209, 2.8107, 1683
4021208, 2.6971, 1615
4021207, 2.5784, 1544
4021206, 2.4464, 1465
4021205, 2.2843, 1368
4021204, 2.1673, 1298
4021203, 2.1272, 1274
4021202, 2.1122, 1265
4021200, 2.1038, 1260
4021114, 2.0871, 1250
4021113, 1.8816, 1127
4021112, 1.778, 1065
4021110, 1.6861, 1010
4021109, 1.6476, 987
4021108, 1.6059, 962
4021107, 1.5507, 929
4021106, 1.4755, 884
4021105, 1.4003, 839
4021104, 1.3218, 792
4021103, 1.29, 773
4021102, 1.2817, 768
4021100, 1.2767, 765
4021014, 1.2683, 760
4021013, 1.1447, 686
4021012, 1.0895, 653
4021011, 1.0544, 632
4021009, 0.9976, 598
4021008, 0.9642, 578
4021007, 0.9425, 565
4021006, 0.9024, 541
4021005, 0.8422, 505
4021004, 0.8171, 490
4021003, 0.7921, 475
4021002, 0.7854, 471
4020914, 0.782, 469
4020913, 0.7052, 423
4020912, 0.6718, 403
4020911, 0.6567, 394
4020910, 0.6283, 377
4020908, 0.5882, 353
4020907, 0.5715, 343
4020906, 0.5598, 336
4020905, 0.5397, 324
4020904, 0.523, 314
4020903, 0.5197, 312
4020902, 0.5063, 304
4020900, 0.5047, 303
4020814, 0.503, 302
4020813, 0.4746, 285
4020812, 0.4645, 279
4020811, 0.4612, 277
4020810, 0.4478, 269
4020809, 0.4278, 257
4020807, 0.4094, 246
4020806, 0.4044, 243
4020805, 0.4027, 242
4020804, 0.3927, 236
4020803, 0.3877, 233
4020802, 0.381, 229
4020800, 0.3793, 228
4020714, 0.376, 226
4020713, 0.3543, 213
4020712, 0.3442, 207
4020711, 0.3375, 203
4020710, 0.3309, 199
4020709, 0.3158, 190
4020708, 0.2974, 179
4020705, 0.2891, 174
4020704, 0.2874, 173
4020700, 0.2857, 172
4020614, 0.2841, 171
4020613, 0.269, 162
4020612, 0.2657, 160
4020611, 0.264, 159
4020610, 0.254, 153
4020609, 0.2423, 146
4020608, 0.2323, 140
4020607, 0.2156, 130
4020605, 0.2122, 128
4020603, 0.2089, 126
4020602, 0.2072, 125
4020600, 0.2055, 124
4020514, 0.2039, 123
4020513, 0.2005, 121
4020512, 0.1989, 120
4020511, 0.1955, 118
4020510, 0.1922, 116
4020509, 0.1805, 109
4020508, 0.1704, 103
4020507, 0.1638, 99
4020506, 0.1621, 98
4020504, 0.1587, 96
4020500, 0.1571, 95
4020414, 0.1554, 94
4020412, 0.1537, 93
4020411, 0.1521, 92
4020410, 0.1504, 91
4020409, 0.1471, 89
4020408, 0.1387, 84
4020407, 0.1354, 82
4020406, 0.132, 80
4020309, 0.1303, 79
4020307, 0.127, 77
4020306, 0.1253, 76
4020305, 0.1237, 75
4020304, 0.122, 74
4020214, 0.1203, 73
4020213, 0.1186, 72
4020209, 0.117, 71
4020208, 0.1153, 70
4020205, 0.1136, 69
4020204, 0.112, 68
4020200, 0.1103, 67
4011413, 0.1086, 66
4011412, 0.0685, 42
4011411, 0.0618, 38
4011410, 0.0602, 37
4011408, 0.0585, 36
4011407, 0.0551, 34
4011405, 0.0535, 33
4011312, 0.0485, 30
4011311, 0.0317, 20
4011310, 0.0301, 19
4011304, 0.0284, 18
4011303, 0.0267, 17
4011302, 0.0217, 14
4011211, 0.0184, 12
4011207, 0.0117, 8
4011205, 0.0084, 6
4011204, 0.0067, 5
4011009, 0.005, 4
4011008, 0.0017, 2
4010504, 0.0, 1
4000000, 0, 0
5131413, 100, 59843
5131413, 99.9967, 59842
5131407, 99.995, 59841
5131300, 99.9933, 59840
5131200, 99.9916, 59839
5131100, 99.99, 59838
5131009, 99.9883, 59837
5130908, 99.9866, 59836
5130900, 99.9816, 59833
5130807, 99.9799, 59832
5130800, 99.9783, 59831
5121400, 99.9766, 59830
5121300, 99.9683, 59825
5121200, 99.9566, 59818
5121100, 99.9515, 59815
5121000, 99.9499, 59814
5120900, 99.9449, 59811
5120800, 99.9415, 59809
5120700, 99.9365, 59806
5120600, 99.9332, 59804
5120500, 99.9298, 59802
5120400, 99.9215, 59797
5120300, 99.9114, 59791
5120200, 99.8981, 59783
5111413, 99.8914, 59779
5111406, 99.8797, 59772
5111400, 99.8529, 59756
5111312, 99.8362, 59746
5111300, 99.8229, 59738
5111211, 99.8212, 59737
5111200, 99.8062, 59728
5111110, 99.7961, 59722
5111100, 99.7811, 59713
5111012, 99.7711, 59707
5111009, 99.7694, 59706
5111000, 99.7443, 59691
5110908, 99.7259, 59680
5110900, 99.7076, 59669
5110807, 99.7009, 59665
5110800, 99.6758, 59650
5110706, 99.6691, 59646
5110700, 99.624, 59619
5101400, 99.6123, 59612
5101300, 99.5004, 59545
5101200, 99.3583, 59460
5101100, 99.1745, 59350
5101000, 98.999, 59245
5100900, 98.7751, 59111
5100800, 98.5763, 58992
5100700, 98.3306, 58845
5100600, 98.1418, 58732
5100500, 97.8594, 58563
5100400, 97.5235, 58362
5100300, 97.1993, 58168
5100200, 96.8033, 57931
5091413, 96.4106, 57696
5091405, 96.1249, 57525
5091400, 95.7823, 57320
5091312, 95.7305, 57289
5091300, 95.5216, 57164
5091211, 95.4832, 57141
5091200, 95.2626, 57009
5091110, 95.2091, 56977
5091100, 95.0019, 56853
5091012, 94.9635, 56830
5091011, 94.9434, 56818
5091009, 94.9368, 56814
5091000, 94.6945, 56669
5090908, 94.6343, 56633
5090900, 94.377, 56479
5090807, 94.3201, 56445
5090800, 94.021, 56266
5090706, 93.9525, 56225
5090700, 93.6083, 56019
5090605, 93.5314, 55973
5090600, 93.2457, 55802
5081413, 93.1838, 55765
5081412, 92.9783, 55642
5081411, 92.5739, 55400
5081410, 92.2313, 55195
5081409, 91.8537, 54969
5081408, 91.5479, 54786
5081407, 91.3123, 54645
5081406, 91.1518, 54549
5081405, 91.0432, 54484
5081404, 90.9948, 54455
5081403, 90.9797, 54446
5081402, 90.9697, 54440
5081400, 90.9647, 54437
5081314, 90.9246, 54413
5081312, 90.7207, 54291
5081311, 90.3397, 54063
5081310, 89.952, 53831
5081309, 89.5176, 53571
5081308, 89.17, 53363
5081307, 88.8609, 53178
5081306, 88.6871, 53074
5081305, 88.5801, 53010
5081304, 88.5551, 52995
5081303, 88.5417, 52987
5081302, 88.535, 52983
5081300, 88.53, 52980
5081214, 88.4748, 52947
5081213, 88.2576, 52817
5081211, 87.915, 52612
5081210, 87.4555, 52337
5081209, 87.011, 52071
5081208, 86.6283, 51842
5081207, 86.3777, 51692
5081206, 86.2089, 51591
5081205, 86.1421, 51551
5081204, 86.112, 51533
5081203, 86.097, 51524
5081202, 86.0953, 51523
5081200, 86.0919, 51521
5081114, 86.0518, 51497
5081113, 85.8212, 51359
5081112, 85.3851, 51098
5081110, 84.9423, 50833
5081109, 84.4777, 50555
5081108, 84.09, 50323
5081107, 83.7959, 50147
5081106, 83.6405, 50054
5081105, 83.5804, 50018
5081104, 83.5436, 49996
5081103, 83.5319, 49989
5081102, 83.5286, 49987
5081100, 83.5269, 49986
5081014, 83.4935, 49966
5081013, 83.1776, 49777
5081012, 82.7365, 49513
5081011, 82.2887, 49245
5081009, 81.8308, 48971
5081008, 81.5049, 48776
5081007, 81.2526, 48625
5081006, 81.0805, 48522
5081005, 81.007, 48478
5081004, 80.9752, 48459
5081003, 80.9702, 48456
5081002, 80.9619, 48451
5081000, 80.9602, 48450
5080914, 80.9067, 48418
5080913, 80.5992, 48234
5080912, 80.1414, 47960
5080911, 79.6601, 47672
5080910, 79.1822, 47386
5080908, 78.7979, 47156
5080907, 78.5856, 47029
5080906, 78.4118, 46925
5080905, 78.325, 46873
5080904, 78.3016, 46859
5080903, 78.2915, 46853
5080902, 78.2899, 46852
5080900, 78.2882, 46851
5080814, 78.2498, 46828
5080813, 78.0041, 46681
5080812, 77.5028, 46381
5080811, 76.9764, 46066
5080810, 76.5035, 45783
5080809, 76.1442, 45568
5080807, 75.8485, 45391
5080806, 75.7064, 45306
5080805, 75.6362, 45264
5080804, 75.6078, 45247
5080803, 75.6012, 45243
5080802, 75.5978, 45241
5080800, 75.5928, 45238
5080714, 75.556, 45216
5080713, 75.2001, 45003
5080712, 74.7272, 44720
5080711, 74.1624, 44382
5080710, 73.6861, 44097
5080709, 73.3219, 43879
5080708, 73.1213, 43759
5080706, 72.9659, 43666
5080705, 72.9275, 43643
5080704, 72.9008, 43627
5080703, 72.8824, 43616
5080702, 72.879, 43614
5080700, 72.8774, 43613
5080614, 72.8356, 43588
5080613, 72.5515, 43418
5080612, 72.0402, 43112
5080611, 71.6107, 42855
5080610, 71.1512, 42580
5080609, 70.7986, 42369
5080608, 70.5245, 42205
5080607, 70.3925, 42126
5080605, 70.334, 42091
5080604, 70.3207, 42083
5080603, 70.3157, 42080
5080602, 70.3123, 42078
5080600, 70.3106, 42077
5080514, 70.2622, 42048
5080513, 69.9798, 41879
5080512, 69.4852, 41583
5080511, 68.9421, 41258
5080510, 68.5293, 41011
5080509, 68.1851, 40805
5080508, 67.9511, 40665
5080507, 67.7991, 40574
5080506, 67.7406, 40539
5080504, 67.7205, 40527
5080503, 67.7139, 40523
5080502, 67.7072, 40519
5080500, 67.7055, 40518
5080414, 67.662, 40492
5080413, 67.2894, 40269
5080412, 66.875, 40021
5080411, 66.3653, 39716
5080410, 65.9392, 39461
5080409, 65.6334, 39278
5080408, 65.4329, 39158
5080407, 65.3259, 39094
5080406, 65.2708, 39061
5080405, 65.2474, 39047
5080403, 65.2441, 39045
5080402, 65.2424, 39044
5080400, 65.2407, 39043
5080314, 65.1872, 39011
5080313, 64.9098, 38845
5080312, 64.462, 38577
5080311, 64.0041, 38303
5080310, 63.5246, 38016
5080309, 63.1653, 37801
5080308, 62.9497, 37672
5080307, 62.8344, 37603
5080306, 62.7776, 37569
5080305, 62.7509, 37553
5080304, 62.7475, 37551
5080302, 62.7442, 37549
5080300, 62.7425, 37548
5080214, 62.7174, 37533
5080213, 62.3999, 37343
5080212, 61.9438, 37070
5080211, 61.4725, 36788
5080210, 61.033, 36525
5080209, 60.759, 36361
5080208, 60.5585, 36241
5080207, 60.4599, 36182
5080206, 60.3863, 36138
5080205, 60.368, 36127
5080204, 60.3646, 36125
5080200, 60.3596, 36122
5071413, 60.3212, 36099
5071412, 60.3162, 36096
5071411, 60.2794, 36074
5071410, 60.2376, 36049
5071409, 60.2226, 36040
5071408, 60.2142, 36035
5071407, 60.2042, 36029
5071406, 60.1841, 36017
5071405, 60.1591, 36002
5071404, 60.139, 35990
5071403, 60.109, 35972
5071402, 60.0705, 35949
5071314, 60.0204, 35919
5071312, 60.017, 35917
5071311, 59.982, 35896
5071310, 59.9519, 35878
5071309, 59.9201, 35859
5071308, 59.8984, 35846
5071307, 59.875, 35832
5071306, 59.86, 35823
5071305, 59.8499, 35817
5071304, 59.8366, 35809
5071303, 59.8082, 35792
5071302, 59.7764, 35773
5071214, 59.7346, 35748
5071213, 59.733, 35747
5071211, 59.7112, 35734
5071210, 59.6661, 35707
5071209, 59.636, 35689
5071208, 59.6093, 35673
5071207, 59.5859, 35659
5071206, 59.5659, 35647
5071205, 59.5475, 35636
5071204, 59.5258, 35623
5071203, 59.5074, 35612
5071202, 59.489, 35601
5071114, 59.4606, 35584
5071113, 59.4572, 35582
5071112, 59.4288, 35565
5071110, 59.3887, 35541
5071109, 59.3603, 35524
5071108, 59.3269, 35504
5071107, 59.3018, 35489
5071106, 59.2885, 35481
5071105, 59.2684, 35469
5071104, 59.2601, 35464
5071103, 59.24, 35452
5071102, 59.22, 35440
5071014, 59.1865, 35420
5071013, 59.1849, 35419
5071012, 59.1581, 35403
5071011, 59.118, 35379
5071009, 59.0913, 35363
5071008, 59.0545, 35341
5071007, 59.0194, 35320
5071006, 58.9743, 35293
5071005, 58.9509, 35279
5071004, 58.9225, 35262
5071003, 58.8841, 35239
5071002, 58.8573, 35223
5070913, 58.8306, 35207
5070912, 58.8039, 35191
5070911, 58.7588, 35164
5070910, 58.7103, 35135
5070908, 58.6735, 35113
5070907, 58.615, 35078
5070906, 58.5833, 35059
5070905, 58.5265, 35025
5070904, 58.468, 34990
5070903, 58.4262, 34965
5070902, 58.3878, 34942
5070814, 58.3594, 34925
5070813, 58.3544, 34922
5070812, 58.3126, 34897
5070811, 58.2541, 34862
5070810, 58.1956, 34827
5070809, 58.1371, 34792
5070807, 58.0786, 34757
5070806, 57.9717, 34693
5070805, 57.8681, 34631
5070804, 57.7946, 34587
5070803, 57.7444, 34557
5070802, 57.6742, 34515
5070714, 57.6241, 34485
5070713, 57.6174, 34481
5070712, 57.584, 34461
5070711, 57.5021, 34412
5070710, 57.3885, 34344
5070709, 57.3066, 34295
5070708, 57.1863, 34223
5070706, 57.1028, 34173
5070705, 56.939, 34075
5070704, 56.8404, 34016
5070703, 56.7368, 33954
5070702, 56.6499, 33902
5070614, 56.5831, 33862
5070613, 56.563, 33850
5070612, 56.4577, 33787
5070611, 56.3541, 33725
5070610, 56.2305, 33651
5070609, 56.0784, 33560
5070608, 55.8896, 33447
5070607, 55.7559, 33367
5070605, 55.6373, 33296
5070604, 55.4267, 33170
5070603, 55.2813, 33083
5070602, 55.1526, 33006
5070514, 55.0708, 32957
5070513, 55.0257, 32930
5070512, 54.907, 32859
5070511, 54.6965, 32733
5070510, 54.4959, 32613
5070509, 54.2336, 32456
5070508, 53.9879, 32309
5070507, 53.7206, 32149
5070506, 53.51, 32023
5070504, 53.3262, 31913
5070503, 53.0655, 31757
5070502, 52.8583, 31633
5070414, 52.7447, 31565
5070413, 52.6912, 31533
5070412, 52.5057, 31422
5070411, 52.2166, 31249
5070410, 51.8774, 31046
5070409, 51.5699, 30862
5070408, 51.2157, 30650
5070407, 50.8999, 30461
5070406, 50.6108, 30288
5070405, 50.3601, 30138
5070403, 50.183, 30032
5070402, 49.9106, 29869
5070314, 49.7318, 29762
5070313, 49.675, 29728
5070312, 49.4176, 29574
5070311, 49.0684, 29365
5070310, 48.6456, 29112
5070309, 48.1627, 28823
5070308, 47.7048, 28549
5070307, 47.2871, 28299
5070306, 46.9011, 28068
5070305, 46.6153, 27897
5070304, 46.3814, 27757
5070302, 46.1675, 27629
5070214, 45.8884, 27462
5070213, 45.7848, 27400
5070212, 45.4857, 27221
5070211, 45.0612, 26967
5070210, 44.5332, 26651
5070209, 44.0018, 26333
5070208, 43.4637, 26011
5070207, 42.9223, 25687
5070206, 42.5029, 25436
5070205, 42.177, 25241
5070204, 41.893, 25071
5070203, 41.654, 24928
5061414, 41.4769, 24822
5061413, 40.9689, 24518
5061412, 39.1959, 23457
5061411, 37.7755, 22607
5061410, 36.7746, 22008
5061409, 36.0761, 21590
5061408, 35.7068, 21369
5061407, 35.4026, 21187
5061406, 35.2773, 21112
5061405, 35.2021, 21067
5061404, 35.1804, 21054
5061314, 35.1704, 21048
5061313, 35.1603, 21042
5061312, 34.4886, 20640
5061311, 32.2527, 19302
5061310, 30.6686, 18354
5061309, 29.4905, 17649
5061308, 28.6884, 17169
5061307, 28.2606, 16913
5061306, 28.0083, 16762
5061305, 27.888, 16690
5061304, 27.8562, 16671
5061303, 27.8395, 16661
5061214, 27.8362, 16659
5061213, 27.8278, 16654
5061212, 27.8028, 16639
5061211, 27.0023, 16160
5061210, 25.0038, 14964
5061209, 23.6068, 14128
5061208, 22.6292, 13543
5061207, 22.0861, 13218
5061206, 21.7686, 13028
5061205, 21.6182, 12938
5061204, 21.5547, 12900
5061203, 21.5347, 12888
5061114, 21.533, 12887
5061111, 21.528, 12884
5061110, 20.8496, 12478
5061109, 19.3556, 11584
5061108, 18.2862, 10944
5061107, 17.6328, 10553
5061106, 17.312, 10361
5061105, 17.1165, 10244
5061104, 17.0513, 10205
5061103, 17.0429, 10200
5061014, 17.0396, 10198
5061013, 17.0312, 10193
5061012, 17.0062, 10178
5061011, 16.9794, 10162
5061010, 16.9644, 10153
5061009, 16.4698, 9857
5061008, 15.4521, 9248
5061007, 14.8021, 8859
5061006, 14.4244, 8633
5061005, 14.2272, 8515
5061004, 14.1403, 8463
5060909, 14.1203, 8451
5060908, 13.7811, 8248
5060907, 13.1394, 7864
5060906, 12.6865, 7593
5060905, 12.4977, 7480
5060904, 12.4075, 7426
5060903, 12.3774, 7408
5060808, 12.3757, 7407
5060807, 12.2103, 7308
5060806, 11.861, 7099
5060805, 11.6672, 6983
5060804, 11.5719, 6926
5060803, 11.5369, 6905
5060707, 11.5302, 6901
5060706, 11.4182, 6834
5060705, 11.2478, 6732
5060704, 11.1592, 6679
5060703, 11.1375, 6666
5060606, 11.1341, 6664
5060605, 11.0907, 6638
5060604, 11.0272, 6600
5060603, 11.0121, 6591
5060505, 11.0088, 6589
5060504, 10.9971, 6582
5060503, 10.9888, 6577
5060404, 10.9854, 6575
5060403, 10.9754, 6569
5060303, 10.9687, 6565
5051414, 10.967, 6564
5051413, 10.962, 6561
5051410, 9.951, 5956
5051405, 9.9494, 5955
5051404, 9.1707, 5489
5051402, 9.169, 5488
5051312, 9.1456, 5474
5051311, 8.397, 5026
5051309, 8.3953, 5025
5051213, 8.392, 5023
5051211, 8.3886, 5021
5051210, 7.5748, 4534
5051209, 7.5731, 4533
5051112, 7.5715, 4532
5051111, 7.5698, 4531
5051110, 7.5681, 4530
5051109, 6.6641, 3989
5051108, 6.6608, 3987
5051012, 6.6591, 3986
5051011, 6.6557, 3984
5051009, 6.6524, 3982
5051008, 5.6615, 3389
5050911, 5.6548, 3385
5050908, 5.6515, 3383
5050906, 4.602, 2755
5050810, 4.5987, 2753
5050809, 4.597, 2752
5050808, 4.5954, 2751
5050807, 4.5937, 2750
5050805, 3.5894, 2149
5050709, 3.5827, 2145
5050707, 3.581, 2144
5050706, 3.5794, 2143
5050705, 2.5734, 1541
5050704, 2.5701, 1539
5050607, 2.5684, 1538
5050605, 2.5667, 1537
5050603, 1.539, 922
5050507, 1.5357, 920
5050504, 1.5323, 918
5050503, 1.5273, 915
5050414, 1.5223, 912
5050407, 1.5206, 911
5050406, 1.519, 910
5050405, 1.5173, 909
5050403, 1.5156, 908
5050402, 1.514, 907
5050314, 1.5123, 906
5041413, 1.5106, 905
5041412, 1.4571, 873
5041411, 1.4087, 844
5041410, 1.3569, 813
5041409, 1.3101, 785
5041408, 1.2666, 759
5041407, 1.2232, 733
5041406, 1.2065, 723
5041405, 1.1915, 714
5041404, 1.1814, 708
5041403, 1.1263, 675
5041402, 1.1129, 667
5041314, 1.1096, 665
5041312, 1.0411, 624
5041311, 1.0143, 608
5041310, 0.9742, 584
5041309, 0.9324, 559
5041308, 0.8973, 538
5041307, 0.8689, 521
5041306, 0.8405, 504
5041305, 0.8272, 496
5041304, 0.8238, 494
5041303, 0.8004, 480
5041302, 0.7854, 471
5041301, 0.7754, 465
5041214, 0.7637, 458
5041213, 0.7336, 440
5041211, 0.6818, 409
5041210, 0.6601, 396
5041209, 0.63, 378
5041208, 0.5999, 360
5041207, 0.5648, 339
5041206, 0.5498, 330
5041204, 0.5448, 327
5041203, 0.528, 317
5041202, 0.5147, 309
5041201, 0.503, 302
5041114, 0.4829, 290
5041113, 0.4712, 283
5041112, 0.4579, 275
5041110, 0.4278, 257
5041109, 0.4127, 248
5041108, 0.3977, 239
5041107, 0.3726, 224
5041106, 0.3643, 219
5041104, 0.3576, 215
5041103, 0.3526, 212
5041102, 0.3509, 211
5041101, 0.3392, 204
5041014, 0.3309, 199
5041013, 0.3242, 195
5041012, 0.3158, 190
5041011, 0.2991, 180
5041009, 0.2874, 173
5041008, 0.2841, 171
5041007, 0.2757, 166
5041006, 0.2707, 163
5041005, 0.2657, 160
5041004, 0.264, 159
5041003, 0.259, 156
5041002, 0.2573, 155
5041001, 0.254, 153
5040914, 0.249, 150
5040913, 0.2423, 146
5040912, 0.239, 144
5040911, 0.2339, 141
5040910, 0.2222, 134
5040908, 0.2089, 126
5040907, 0.2039, 123
5040906, 0.2022, 122
5040905, 0.2005, 121
5040904, 0.1972, 119
5040902, 0.1938, 117
5040901, 0.1905, 115
5040841, 0.1872, 113
5040814, 0.1855, 112
5040813, 0.1838, 111
5040812, 0.1788, 108
5040811, 0.1671, 101
5040810, 0.1638, 99
5040809, 0.1621, 98
5040806, 0.1571, 95
5040804, 0.1521, 92
5040803, 0.1504, 91
5040714, 0.1487, 90
5040712, 0.1471, 89
5040711, 0.1454, 88
5040710, 0.1404, 85
5040709, 0.137, 83
5040708, 0.1354, 82
5040706, 0.1337, 81
5040704, 0.132, 80
5040703, 0.1287, 78
5040702, 0.1253, 76
5040614, 0.1237, 75
5040612, 0.1203, 73
5040610, 0.1186, 72
5040609, 0.1153, 70
5040607, 0.1086, 66
5040605, 0.1069, 65
5040511, 0.1053, 64
5040510, 0.1036, 63
5040509, 0.1019, 62
5040502, 0.1003, 61
5040411, 0.0986, 60
5040410, 0.0952, 58
5040407, 0.0919, 56
5040312, 0.0902, 55
5040310, 0.0886, 54
5040302, 0.0869, 53
5040301, 0.0836, 51
5031210, 0.0819, 50
5031207, 0.0785, 48
5031009, 0.0769, 47
5031008, 0.0685, 42
5031007, 0.0668, 41
5031002, 0.0652, 40
5030908, 0.0635, 39
5030907, 0.0618, 38
5030903, 0.0602, 37
5030706, 0.0568, 35
5030605, 0.0551, 34
5030603, 0.0535, 33
5030602, 0.0518, 32
5030503, 0.0501, 31
5030502, 0.0485, 30
5030302, 0.0468, 29
5021310, 0.0434, 27
5021213, 0.0418, 26
5021211, 0.0401, 25
5021209, 0.0384, 24
5021113, 0.0368, 23
5021014, 0.0351, 22
5021012, 0.0334, 21
5020911, 0.0317, 20
5020910, 0.0284, 18
5020810, 0.0267, 17
5020809, 0.0251, 16
5020714, 0.0234, 15
5020712, 0.0217, 14
5020612, 0.0201, 13
5020609, 0.0167, 11
5020512, 0.015, 10
5020511, 0.0134, 9
5020510, 0.01, 7
5020210, 0.0084, 6
5011402, 0.0067, 5
5011311, 0.005, 4
5011204, 0.0033, 3
5011104, 0.0017, 2
5011102, 0.0, 1
5000000, 0, 0
6191413, 100, 59843
6191413, 99.9967, 59842
6191410, 99.995, 59841
6191406, 99.9916, 59839
6191400, 99.9432, 59810
6191312, 99.9365, 59806
6191300, 99.9332, 59804
6191211, 99.9298, 59802
6191200, 99.9248, 59799
6191110, 99.9198, 59796
6191009, 99.9114, 59791
6190908, 99.8496, 59754
6190807, 99.8312, 59743
6190706, 99.7961, 59722
6181400, 99.7527, 59696
6181300, 99.7477, 59693
6181200, 99.7293, 59682
6181100, 99.7243, 59679
6181000, 99.7126, 59672
6180900, 99.7042, 59667
6180800, 99.6975, 59663
6180700, 99.6909, 59659
6180600, 99.6842, 59655
6180500, 99.6758, 59650
6180400, 99.6741, 59649
6171413, 99.6708, 59647
6171409, 99.6658, 59644
6171400, 99.6491, 59634
6171312, 99.6274, 59621
6171300, 99.6123, 59612
6171211, 99.6056, 59608
6171200, 99.5856, 59596
6171110, 99.5789, 59592
6171100, 99.5204, 59557
6171009, 99.5087, 59550
6171000, 99.4903, 59539
6161400, 99.487, 59537
6161300, 99.4786, 59532
6161100, 99.4686, 59526
6161000, 99.4669, 59525
6160800, 99.4586, 59520
6160700, 99.4552, 59518
6160600, 99.4519, 59516
6160500, 99.4452, 59512
6160400, 99.4419, 59510
6160300, 99.4352, 59506
6160200, 99.4335, 59505
6151413, 99.4318, 59504
6151408, 99.4034, 59487
6151400, 99.3583, 59460
6151312, 99.3366, 59447
6151300, 99.2965, 59423
6151211, 99.2881, 59418
6151200, 99.2497, 59395
6151110, 99.2363, 59387
6151100, 99.1996, 59365
6151012, 99.1795, 59353
6151009, 99.1778, 59352
6151000, 99.1377, 59328
6150908, 99.1244, 59320
6150900, 99.0625, 59283
6141400, 99.0442, 59272
6141300, 98.9924, 59241
6141200, 98.9355, 59207
6141100, 98.9038, 59188
6141000, 98.8637, 59164
6140900, 98.8253, 59141
6140800, 98.7785, 59113
6140700, 98.7467, 59094
6140600, 98.7066, 59070
6140500, 98.6732, 59050
6140400, 98.6414, 59031
6140300, 98.5947, 59003
6140200, 98.5529, 58978
6131413, 98.5061, 58950
6131407, 98.4326, 58906
6131400, 98.2538, 58799
6131312, 98.1451, 58734
6131300, 98.0298, 58665
6131211, 97.9847, 58638
6131200, 97.8744, 58572
6131110, 97.8377, 58550
6131100, 97.7541, 58500
6131012, 97.694, 58464
6131011, 97.6906, 58462
6131009, 97.689, 58461
6131000, 97.5887, 58401
6130908, 97.5486, 58377
6130900, 97.4166, 58298
6130807, 97.3664, 58268
6130800, 97.191, 58163
6121400, 97.1392, 58132
6121300, 96.8802, 57977
6121200, 96.6479, 57838
6121100, 96.3538, 57662
6121000, 96.0848, 57501
6120900, 95.8174, 57341
6120800, 95.5517, 57182
6120700, 95.2509, 57002
6120600, 94.9267, 56808
6120500, 94.5975, 56611
6120400, 94.2984, 56432
6120300, 94.0194, 56265
6120200, 93.7236, 56088
6111413, 93.3977, 55893
6111406, 93.1855, 55766
6111400, 92.7711, 55518
6111312, 92.4419, 55321
6111300, 92.1762, 55162
6111211, 92.0626, 55094
6111200, 91.8186, 54948
6111110, 91.6916, 54872
6111100, 91.3908, 54692
6111012, 91.2872, 54630
6111011, 91.2688, 54619
6111009, 91.2621, 54615
6111000, 90.9814, 54447
6110908, 90.8327, 54358
6110900, 90.5269, 54175
6110807, 90.4049, 54102
6110800, 90.0874, 53912
6110706, 89.9286, 53817
6110700, 89.5259, 53576
6101400, 89.3688, 53482
6101300, 88.2459, 52810
6101200, 87.001, 52065
6101100, 85.741, 51311
6101000, 84.5997, 50628
6100900, 83.328, 49867
6100800, 82.0748, 49117
6100700, 80.8198, 48366
6100600, 79.4963, 47574
6100500, 78.1261, 46754
6100400, 76.8277, 45977
6100300, 75.4808, 45171
6100200, 74.1273, 44361
6091413, 72.7103, 43513
6091405, 72.0101, 43094
6091400, 70.9373, 42452
6091312, 69.8712, 41814
6091300, 69.3398, 41496
6091211, 69.0022, 41294
6091200, 68.4992, 40993
6091110, 68.2202, 40826
6091100, 67.7189, 40526
6091012, 67.3345, 40296
6091011, 67.3145, 40284
6091009, 67.3028, 40277
6091000, 66.7647, 39955
6090908, 66.3787, 39724
6090900, 65.8607, 39414
6090807, 65.4947, 39195
6090800, 64.9182, 38850
6090706, 64.5656, 38639
6090700, 63.9356, 38262
6090605, 63.5613, 38038
6090600, 62.9113, 37649
6081413, 62.5654, 37442
6081412, 62.5286, 37420
6081411, 62.3164, 37293
6081410, 61.9538, 37076
6081409, 61.4508, 36775
6081408, 61.0096, 36511
6081407, 60.6036, 36268
6081406, 60.2276, 36043
6081405, 59.9569, 35881
6081404, 59.8533, 35819
6081403, 59.8182, 35798
6081402, 59.8065, 35791
6081400, 59.8032, 35789
6081314, 59.7229, 35741
6081312, 59.6962, 35725
6081311, 59.4255, 35563
6081310, 59.0178, 35319
6081309, 58.5365, 35031
6081308, 58.102, 34771
6081307, 57.7895, 34584
6081306, 57.5188, 34422
6081305, 57.3451, 34318
6081304, 57.2749, 34276
6081303, 57.2515, 34262
6081300, 57.2414, 34256
6081214, 57.1596, 34207
6081213, 57.1061, 34175
6081211, 56.8889, 34045
6081210, 56.451, 33783
6081209, 56.0166, 33523
6081208, 55.5804, 33262
6081207, 55.2045, 33037
6081206, 54.917, 32865
6081205, 54.7566, 32769
6081204, 54.7065, 32739
6081203, 54.6981, 32734
6081202, 54.6914, 32730
6081200, 54.6881, 32728
6081114, 54.6346, 32696
6081113, 54.5862, 32667
6081112, 54.3572, 32530
6081110, 53.9963, 32314
6081109, 53.4966, 32015
6081108, 53.1223, 31791
6081107, 52.8082, 31603
6081106, 52.6077, 31483
6081105, 52.5024, 31420
6081104, 52.4539, 31391
6081103, 52.4289, 31376
6081102, 52.4255, 31374
6081100, 52.4222, 31372
6081014, 52.3821, 31348
6081013, 52.3253, 31314
6081012, 52.0963, 31177
6081011, 51.7421, 30965
6081009, 51.2942, 30697
6081008, 50.9132, 30469
6081007, 50.6358, 30303
6081006, 50.4654, 30201
6081005, 50.325, 30117
6081004, 50.2816, 30091
6081003, 50.2649, 30081
6081002, 50.2615, 30079
6081000, 50.2565, 30076
6080914, 50.2197, 30054
6080913, 50.1395, 30006
6080912, 49.8387, 29826
6080911, 49.4912, 29618
6080910, 49.0701, 29366
6080908, 48.6941, 29141
6080907, 48.4384, 28988
6080906, 48.273, 28889
6080905, 48.1794, 28833
6080904, 48.1577, 28820
6080903, 48.1426, 28811
6080900, 48.1393, 28809
6080814, 48.0858, 28777
6080813, 48.0207, 28738
6080812, 47.8118, 28613
6080811, 47.4709, 28409
6080810, 47.1317, 28206
6080809, 46.7975, 28006
6080807, 46.5568, 27862
6080806, 46.4098, 27774
6080805, 46.3429, 27734
6080804, 46.3112, 27715
6080803, 46.3028, 27710
6080802, 46.2961, 27706
6080800, 46.2895, 27702
6080714, 46.2427, 27674
6080713, 46.1374, 27611
6080712, 45.8667, 27449
6080711, 45.5041, 27232
6080710, 45.0763, 26976
6080709, 44.7153, 26760
6080708, 44.4563, 26605
6080706, 44.3126, 26519
6080705, 44.2591, 26487
6080704, 44.2391, 26475
6080703, 44.2307, 26470
6080702, 44.2291, 26469
6080700, 44.2274, 26468
6080614, 44.1739, 26436
6080613, 44.0569, 26366
6080612, 43.828, 26229
6080611, 43.5055, 26036
6080610, 43.1446, 25820
6080609, 42.8053, 25617
6080608, 42.5931, 25490
6080607, 42.4678, 25415
6080605, 42.421, 25387
6080604, 42.4026, 25376
6080603, 42.3943, 25371
6080602, 42.3909, 25369
6080600, 42.3893, 25368
6080514, 42.3642, 25353
6080513, 42.2539, 25287
6080512, 41.9865, 25127
6080511, 41.6523, 24927
6080510, 41.3114, 24723
6080509, 41.0424, 24562
6080508, 40.8168, 24427
6080507, 40.7115, 24364
6080506, 40.6581, 24332
6080504, 40.6464, 24325
6080503, 40.6413, 24322
6080500, 40.6397, 24321
6080414, 40.5962, 24295
6080413, 40.4876, 24230
6080412, 40.1835, 24048
6080411, 39.8693, 23860
6080410, 39.5585, 23674
6080409, 39.3062, 23523
6080408, 39.1474, 23428
6080407, 39.0672, 23380
6080406, 39.0138, 23348
6080405, 39.0004, 23340
6080400, 38.997, 23338
6080314, 38.9536, 23312
6080313, 38.8216, 23233
6080312, 38.5074, 23045
6080311, 38.1866, 22853
6080310, 37.8674, 22662
6080309, 37.6569, 22536
6080308, 37.4981, 22441
6080307, 37.4129, 22390
6080306, 37.3811, 22371
6080305, 37.3544, 22355
6080304, 37.3461, 22350
6080300, 37.3444, 22349
6080214, 37.3126, 22330
6080213, 37.1556, 22236
6080212, 36.8147, 22032
6080211, 36.4805, 21832
6080210, 36.1696, 21646
6080209, 35.9674, 21525
6080208, 35.8288, 21442
6080207, 35.7435, 21391
6080206, 35.6984, 21364
6080205, 35.6884, 21358
6080204, 35.6834, 21355
6080200, 35.6817, 21354
6071413, 35.6366, 21327
6071412, 35.6349, 21326
6071411, 35.6316, 21324
6071409, 35.6299, 21323
6071408, 35.6266, 21321
6071407, 35.6199, 21317
6071406, 35.6115, 21312
6071405, 35.6048, 21308
6071404, 35.5898, 21299
6071403, 35.5731, 21289
6071402, 35.5547, 21278
6071312, 35.538, 21268
6071311, 35.5363, 21267
6071310, 35.533, 21265
6071309, 35.528, 21262
6071308, 35.5213, 21258
6071307, 35.5146, 21254
6071306, 35.5046, 21248
6071305, 35.5012, 21246
6071304, 35.4929, 21241
6071303, 35.4845, 21236
6071302, 35.4611, 21222
6071214, 35.4344, 21206
6071213, 35.431, 21204
6071211, 35.4277, 21202
6071210, 35.426, 21201
6071209, 35.4244, 21200
6071208, 35.4193, 21197
6071207, 35.411, 21192
6071206, 35.401, 21186
6071205, 35.3909, 21180
6071204, 35.3776, 21172
6071203, 35.3675, 21166
6071202, 35.3425, 21151
6071112, 35.3124, 21133
6071109, 35.3107, 21132
6071108, 35.294, 21122
6071107, 35.284, 21116
6071106, 35.269, 21107
6071105, 35.2522, 21097
6071104, 35.2255, 21081
6071103, 35.1921, 21061
6071102, 35.1369, 21028
6071013, 35.0952, 21003
6071012, 35.0918, 21001
6071011, 35.0801, 20994
6071009, 35.0751, 20991
6071008, 35.0634, 20984
6071007, 35.0317, 20965
6071006, 34.9749, 20931
6071005, 34.923, 20900
6071004, 34.8746, 20871
6071003, 34.8094, 20832
6071002, 34.7359, 20788
6070914, 34.6473, 20735
6070913, 34.6423, 20732
6070912, 34.639, 20730
6070911, 34.6306, 20725
6070910, 34.6239, 20721
6070908, 34.5939, 20703
6070907, 34.527, 20663
6070906, 34.4635, 20625
6070905, 34.3766, 20573
6070904, 34.2496, 20497
6070903, 34.141, 20432
6070902, 34.004, 20350
6070814, 33.8803, 20276
6070813, 33.8736, 20272
6070812, 33.867, 20268
6070811, 33.8436, 20254
6070810, 33.7901, 20222
6070809, 33.7299, 20186
6070807, 33.6531, 20140
6070806, 33.5177, 20059
6070805, 33.3757, 19974
6070804, 33.2203, 19881
6070803, 33.0665, 19789
6070802, 32.8727, 19673
6070714, 32.6137, 19518
6070713, 32.6087, 19515
6070712, 32.5819, 19499
6070711, 32.5401, 19474
6070710, 32.475, 19435
6070709, 32.3597, 19366
6070708, 32.2193, 19282
6070706, 32.0873, 19203
6070705, 31.8417, 19056
6070704, 31.6344, 18932
6070703, 31.3687, 18773
6070702, 31.1181, 18623
6070614, 30.8825, 18482
6070613, 30.8791, 18480
6070612, 30.839, 18456
6070611, 30.7939, 18429
6070610, 30.7003, 18373
6070609, 30.585, 18304
6070608, 30.4463, 18221
6070607, 30.2375, 18096
6070605, 30.0135, 17962
6070604, 29.6894, 17768
6070603, 29.3518, 17566
6070602, 29.056, 17389
6070514, 28.7252, 17191
6070513, 28.7185, 17187
6070512, 28.6817, 17165
6070511, 28.5915, 17111
6070510, 28.4494, 17026
6070509, 28.2673, 16917
6070508, 28.0283, 16774
6070507, 27.7359, 16599
6070506, 27.4351, 16419
6070504, 27.1761, 16264
6070503, 26.897, 16097
6070502, 26.5929, 15915
6070414, 26.2303, 15698
6070413, 26.2236, 15694
6070412, 26.1701, 15662
6070411, 26.0532, 15592
6070410, 25.8827, 15490
6070409, 25.6672, 15361
6070408, 25.4132, 15209
6070407, 25.1224, 15035
6070406, 24.7999, 14842
6070405, 24.5091, 14668
6070403, 24.2033, 14485
6070402, 23.9259, 14319
6070314, 23.5533, 14096
6070313, 23.5383, 14087
6070312, 23.4697, 14046
6070311, 23.3227, 13958
6070310, 23.0938, 13821
6070309, 22.8598, 13681
6070308, 22.5891, 13519
6070307, 22.3084, 13351
6070306, 22.0109, 13173
6070305, 21.7252, 13002
6070304, 21.411, 12814
6070302, 21.0634, 12606
6070214, 20.7911, 12443
6070213, 20.7777, 12435
6070212, 20.6624, 12366
6070211, 20.502, 12270
6070210, 20.2463, 12117
6070209, 20.004, 11972
6070208, 19.7199, 11802
6070207, 19.4626, 11648
6070206, 19.2387, 11514
6070205, 19.0415, 11396
6070204, 18.7875, 11244
6070203, 18.5519, 11103
6061414, 18.2294, 10910
6061413, 17.82, 10665
6061412, 16.1823, 9685
6061411, 14.889, 8911
6061410, 13.9348, 8340
6061409, 13.2764, 7946
6061408, 12.8319, 7680
6061407, 12.5579, 7516
6061406, 12.4325, 7441
6061405, 12.3573, 7396
6061404, 12.3373, 7384
6061314, 12.3273, 7378
6061313, 12.3189, 7373
6061312, 11.9279, 7139
6061311, 10.6629, 6382
6061310, 9.692, 5801
6061309, 9.027, 5403
6061308, 8.6259, 5163
6061307, 8.3769, 5014
6061306, 8.2249, 4923
6061305, 8.1647, 4887
6061304, 8.1396, 4872
6061303, 8.1346, 4869
6061213, 8.1329, 4868
6061212, 8.1196, 4860
6061211, 7.8255, 4684
6061210, 6.99, 4184
6061209, 6.4318, 3850
6061208, 6.0441, 3618
6061207, 5.8035, 3474
6061206, 5.7016, 3413
6061205, 5.6414, 3377
6061204, 5.6097, 3358
6061203, 5.603, 3354
6061114, 5.6013, 3353
6061111, 5.5963, 3350
6061110, 5.4275, 3249
6061109, 4.9463, 2961
6061108, 4.592, 2749
6061107, 4.3998, 2634
6061106, 4.3063, 2578
6061105, 4.2612, 2551
6061104, 4.2428, 2540
6061103, 4.2394, 2538
6061014, 4.2378, 2537
6061013, 4.2361, 2536
6061012, 4.2311, 2533
6061011, 4.2294, 2532
6061010, 4.2244, 2529
6061009, 4.1191, 2466
6061008, 3.7899, 2269
6061007, 3.6412, 2180
6061006, 3.5359, 2117
6061005, 3.4774, 2082
6061004, 3.4557, 2069
6061003, 3.454, 2068
6060909, 3.4507, 2066
6060908, 3.3956, 2033
6060907, 3.2418, 1941
6060906, 3.1566, 1890
6060905, 3.0981, 1855
6060904, 3.0814, 1845
6060808, 3.0697, 1838
6060807, 3.0129, 1804
6060806, 2.9176, 1747
6060805, 2.8475, 1705
6060804, 2.8257, 1692
6060707, 2.819, 1688
6060706, 2.799, 1676
6060705, 2.7572, 1651
6060704, 2.7438, 1643
6060703, 2.7305, 1635
6060606, 2.7288, 1634
6060605, 2.7104, 1623
6060604, 2.7071, 1621
6060505, 2.7004, 1617
6060504, 2.6971, 1615
6060503, 2.6904, 1611
6060404, 2.6887, 1610
6051413, 2.6854, 1608
6051405, 2.3161, 1387
6051312, 1.9184, 1149
6051211, 1.407, 843
6051110, 1.1681, 700
6051013, 0.9441, 566
6051009, 0.9425, 565
6050908, 0.7837, 470
6050807, 0.62, 372
6050706, 0.4178, 251
6050605, 0.2256, 136
6050507, 0.0334, 21
6041409, 0.0317, 20
6041406, 0.0301, 19
6041404, 0.0284, 18
6041403, 0.0267, 17
6041312, 0.0251, 16
6041310, 0.0217, 14
6041308, 0.0184, 12
6041210, 0.015, 10
6041008, 0.0134, 9
6041007, 0.0117, 8
6041004, 0.01, 7
6040905, 0.0084, 6
6040710, 0.0067, 5
6040610, 0.005, 4
6011403, 0.0033, 3
6011402, 0.0017, 2
6011202, 0.0, 1
6000000, 0, 0
